"Name","Gross Export","Share","Code","Sector"
"Animals of the bovine species (including buffaloes), live","361139648","0.14401641442982918","0011","Food"
"Swine, live","6548938","0.0026116062700577715","0013","Food"
"Poultry, live","83459600","0.03328228403697112","0014","Food"
"Equine species, live","8950530","0.003569320746102679","0015","Food"
"Bovine meat, fresh, chilled or frozen","6021506048","2.401275283129508","0111","Food"
"Meat of sheep and goats, fresh, chilled or frozen","2894947","0.0011544561479563458","0112","Food"
"Pig meat fresh, chilled or frozen","1406214784","0.5607747923315711","0113","Food"
"Poultry, dead and edible offal, fresh, chilled or frozen","6160452608","2.4566848330899687","0114","Food"
"Meat of horses, asses, mules and hinnies, fresh, chilled or frozen","5797948","0.0023121240955814386","0115","Food"
"Edible offal of headings 0011-5 and 0015, fresh, chilled or frozen","494715136","0.19728407126011627","0116","Food"
"Other fresh, chilled or frozen meat or edible meat offal","189172","0.00007543861024785526","0118","Food"
"Bacon, ham, other dried, salted or smoked meat of domestic swine","874207","0.00034861904060297936","0121","Food"
"Meat and edible meat offal, nes, in brine, dried, salted or smoked","295439552","0.11781632173434213","0129","Food"
"Meat extracts and juices; fish extracts","32409284","0.012924277081640264","0141","Food"
"Sausages and the like, of meat, meat offal or animal blood","110588040","0.04410064939649752","0142","Food"
"Other prepared or preserved meat or meat offal","804900352","0.320980715660296","0149","Food"
"Milk and cream fresh, not concentrated or sweetened","14654291","0.0058438846510458905","0223","Food"
"Milk and cream, preserved, concentrated or sweetened","27506078","0.010968961039102543","0224","Food"
"Butter","1835104","0.0007318085944023439","0230","Food"
"Cheese and curd","18047140","0.007196895737997583","0240","Food"
"Eggs, birds', and egg yolks, fresh, dried or preserved, in shell","60235900","0.024021063281187412","0251","Food"
"Eggs, birds', egg yolks, fresh, dried or preserved, not in shell","5181579","0.0020663265105273065","0252","Food"
"Fish, fresh or chilled, excluding fillet","45070876","0.017973506904263917","0341","Food"
"Fish, frozen, excluding fillets","96760904","0.03858662024023714","0342","Food"
"Fish fillets, fresh or chilled","5096653","0.002032459450846649","0343","Food"
"Fish fillets, frozen","4171595","0.0016635618871550855","0344","Food"
"Fish, dried, salted or in brine; smoked fish","34008928","0.013562188190320831","0350","Food"
"Crustaceans and molluscs, fresh, chilled, frozen, salted, etc","90383096","0.03604325773443473","0360","Food"
"Fish, prepared or preserved, nes","14079055","0.005614490214213086","0371","Food"
"Crustaceans and molluscs, prepared or prepared, nes","460807","0.0001837620772232859","0372","Food"
"Durum wheat, unmilled","5080520","0.00202602588192985","0411","Food"
"Other wheat and meslin, unmilled","105155256","0.04193414655920244","0412","Food"
"Rice in the husk or husked, but not farther prepared","75496640","0.0301067895882194","0421","Food"
"Rice, semi-milled or wholly milled","284995456","0.11365139200089751","0422","Food"
"Barley, unmilled","10347","0.00000412620948255851","0430","Food"
"Maize, unmilled","6978502144","2.782909222057378","0440","Food"
"Rye, unmilled","1140","4.5461281628652765e-7","0451","Food"
"Oats, unmilled","1106043","0.00044107133610877186","0452","Food"
"Buckwheat, millet, etc, and other cereals, unmilled, nes","7437418","0.002965917142877293","0459","Food"
"Meal and flour of wheat and flour of meslin","10099444","0.00402748831558603","0460","Food"
"Other cereal meals and flour","36063296","0.014381435578188304","0470","Food"
"Cereal grains, worked or prepared, not elsewhere specified","15599915","0.006220983589456532","0481","Food"
"Malt, roasted or not, including flour","2349598","0.0009369801437905199","0482","Food"
"Macaroni, spaghetti and similar products","4786218","0.0019086631967905894","0483","Food"
"Bakery products","129205496","0.05152497755812077","0484","Food"
"Malt extract; cereals preparations with less 50% of cocoa","61048808","0.024345237312118857","0488","Food"
"Potatoes, fresh or chilled, excluding sweet potatoes","644134","0.00025686979982974227","0541","Food"
"Beans, peas, other leguminous vegetables, dried, shelled","105845312","0.042209329279865086","0542","Food"
"Tomatoes, fresh or chilled","614654","0.00024511367191384155","0544","Food"
"Other fresh or chilled vegetables","10959695","0.004370541938238048","0545","Food"
"Vegetables, frozen or in temporary preservative","1656869","0.000660731475708634","0546","Food"
"Vegetable products roots and tubers, nes, fresh, dried","9685035","0.0038622289799856054","0548","Food"
"Vegetables (excluding leguminous), dried, evaporated, etc","669172","0.0002668545328948143","0561","Food"
"Flour, meals and flakes of potatoes, fruit and vegetables, nes","18761372","0.00748171944063088","0564","Food"
"Vegetables, prepared or preserved, nes","16828806","0.006711044640701415","0565","Food"
"Oranges, mandarins, etc, fresh or dried","3076041","0.0012266733877393217","0571","Food"
"Other citrus fruits, fresh or dried","109750400","0.04376661266015169","0572","Food"
"Banana, plantain, fresh or dried","26806154","0.010689843126096815","0573","Food"
"Apples, fresh","43695748","0.017425128998268778","0574","Food"
"Grapes, fresh or dried","112254136","0.04476506044453587","0575","Food"
"Figs, fresh or dried","8649320","0.0034492032668099904","0576","Food"
"Nuts edible, fresh or dried","157505488","0.06281053814058235","0577","Food"
"Fruit, fresh or dried, nes","641764992","0.25592507930457975","0579","Food"
"Fruit, fruit-peel and parts of plants, preserved by sugar","1374695","0.000548205232881586","0582","Food"
"Jams, jellies, marmalades, etc, as cooked preparations","17210512","0.006863262570221999","0583","Food"
"Fruit or vegetable juices","2312318720","0.9221137942554901","0585","Food"
"Fruit, temporarily preserved","14797194","0.005900871962700095","0586","Food"
"Fruit prepared or preserved, nes","88238160","0.035187893352229146","0589","Food"
"Sugars, beet and cane, raw, solid","4321269760","1.7232496627433398","0611","Food"
"Refined sugar etc","689346304","0.27489970584048146","0612","Food"
"Molasses","4708772","0.0018777790352378467","0615","Food"
"Natural honey","60730896","0.0242184593562844","0616","Food"
"Sugars and syrups nes; artificial honey; caramel","16091731","0.006417111534065984","0619","Food"
"Sugar confectionery and preparations, non-chocolate","134611456","0.05368078343560526","0620","Food"
"Coffee green, roasted; coffee substitutes containing coffee","4210360320","1.6790208444353032","0711","Food"
"Coffee extracts, essences or concentrates","532863680","0.212497068650529","0712","Food"
"Cocoa beans, raw, roasted","2513998","0.0010025400972971034","0721","Food"
"Cocoa powder, unsweetened","53746216","0.021433086509214064","0722","Food"
"Cocoa butter and paste","131880064","0.05259155026937501","0723","Food"
"Chocolate and other preparations containing cocoa, nes","102706896","0.04095778179176097","0730","Food"
"Tea","2167442","0.0008643393962786878","0741","Food"
"Mate","78687704","0.03137933221277251","0742","Food"
"Pepper of "piper"; pimento of "capsicum or pimenta"","185645760","0.07403240507478316","0751","Food"
"Spices, except pepper and pimento","51692700","0.02061417888460929","0752","Food"
"Hay and fodder, green or dry","80606240","0.03214441208479628","0811","Food"
"Bran, sharps and other residues derives of cereals","4107094","0.0016378399737662281","0812","Food"
"Oilcake and other residues (except dregs)","5190169088","2.069752093069262","0813","Food"
"Flours and meals, of meat, fish,etc, unfit for human; greaves","99611944","0.03972356701545252","0814","Food"
"Food waste and prepared animal feed, nes","320521216","0.12781846726784424","0819","Food"
"Lard, pig and poultry fat, rendered or solvent-extracted","2681167","0.0010692042814074566","0913","Food"
"Margarine, imitation lard and other prepared edible fats, nes","24157772","0.009633712950989316","0914","Food"
"Edible products and preparations, nes","585028416","0.23329948754860197","0980","Food"
"Non-alcoholic beverages, nes","28439982","0.011341386238735221","1110","Beverages"
"Wine of fresh grapes etc","9011271","0.003593543234764135","1121","Beverages"
"Other fermented beverages, nes (cider, perry, mead, etc)","5394212","0.002151120972777704","1122","Beverages"
"Beer made from malt (including ale, stout and porter)","79823560","0.031832292471593526","1123","Beverages"
"Distilled alcoholic beverages, nes","34042396","0.013575534665527389","1124","Beverages"
"Tobacco, not stripped","89806368","0.035813268313109034","1211","Beverages"
"Tobacco, wholly or partly stripped","1906915968","0.7604459988019561","1212","Beverages"
"Tobacco refuse","57734232","0.023023440180403303","1213","Beverages"
"Cigars, cheroots: cigarillos","376302","0.0001500629052581166","1221","Beverages"
"Cigarettes","19590240","0.007812258050990338","1222","Beverages"
"Tobacco, manufactured; tobacco extract and essences","84445304","0.033675366204922785","1223","Beverages"
"Bovine and equine hides, raw, whether or not split","599729","0.00023916183306903766","2111","Crude materials"
"Calf skins, raw, whether or not split","29124","0.000011614161106604238","2112","Crude materials"
"Sheep and lamb skin with the wool on, raw, whether or not split","2505","9.989518463138174e-7","2116","Crude materials"
"Hides and skins, nes; waste and used leather","2254682","0.0008991292402197725","2119","Crude materials"
"Furskins, raw","77547","0.00003092443865313277","2120","Crude materials"
"Groundnuts, green","219790784","0.08764886605970516","2221","Crude materials"
"Soya beans","25041987584","9.986323246468858","2222","Crude materials"
"Cotton seeds","12181102","0.004857618496222328","2223","Crude materials"
"Sunflower seeds","128106","0.00005108651705544027","2224","Crude materials"
"Sesame seeds","23367042","0.009318383133250506","2225","Crude materials"
"Rape and colza seeds","820756","0.0003273036812667239","2226","Crude materials"
"Palm nuts and kernels","21153","0.000008435460441148174","2232","Crude materials"
"Linseed","25627","0.000010219616353486705","2234","Crude materials"
"Castor oil seeds","1364","5.439402468551085e-7","2235","Crude materials"
"Oil seeds and oleaginous fruits, nes","2291751","0.000913911733629356","2238","Crude materials"
"Flour or meals of oil seeds or oleaginous fruit, non-defatted","28800582","0.01148518745062375","2239","Crude materials"
"Natural rubber latex; natural rubber and gums","2177925","0.0008685198402726629","2320","Crude materials"
"Synthetic rubber, latex; factice derived from oils","113549560","0.04528165373657548","2331","Crude materials"
"Reclaimed rubber, waste, scrap of unhardened rubber","3335996","0.0013303390672636764","2332","Crude materials"
"Cork, natural, raw and waste","24784","0.000009883442139337985","2440","Crude materials"
"Fuel wood and wood charcoal","7759648","0.0030944170444492294","2450","Crude materials"
"Pulpwood (including chips and wood waste)","201827744","0.080485507986488","2460","Crude materials"
"Sawlogs and veneer logs, of coniferous species","9034706","0.0036028887184042005","2471","Crude materials"
"Sawlogs and veneer logs, of non-coniferous species","102130144","0.04072778279963914","2472","Crude materials"
"Pitprops, poles, piling, post and other wood in the rough, nes","87295","0.000034811777015554765","2479","Crude materials"
"Railway or tramway sleepers (ties) of wood","2549304","0.0010166195359741315","2481","Crude materials"
"Wood of coniferous species, sawn, planed, tongued, grooved, etc","669666432","0.26705170405620215","2482","Crude materials"
"Wood, non-coniferous species, sawn, planed, tongued, grooved, etc","509924192","0.20334918685767722","2483","Crude materials"
"Waste paper and paperboard, etc","5190237","0.002069779175232051","2511","Crude materials"
"Mechanical wood pulp","211472","0.00008433147498749523","2512","Crude materials"
"Chemical wood pulp, dissolving grades","392805120","0.15664407180260304","2516","Crude materials"
"Chemical wood pulp, soda or sulphate","6928378880","2.7629209078393844","2517","Crude materials"
"Chemical wood pulp, sulphite","21875740","0.00872367699101039","2518","Crude materials"
"Other cellulosic pulps","42392024","0.01690522580590006","2519","Crude materials"
"Raw silk (not thrown)","18389204","0.007333305105006561","2613","Crude materials"
"Silk worm cocoons and silk waste","954479","0.0003806301634003058","2614","Crude materials"
"Raw cotton, excluding linters, not carded or combed","2445923328","0.9753930636517512","2631","Crude materials"
"Cotton linters","10665445","0.00425319998982374","2632","Crude materials"
"Cotton waste, not carded or combed","1072362","0.00042763992008653805","2633","Crude materials"
"Cotton, carded or combed","521110","0.0002078098988553267","2634","Crude materials"
"Jute, other textile bast fibres, nes, raw, processed but not spun","178046","0.00007100174867416763","2640","Crude materials"
"Flax and ramie, flax tow, ramie noils, and waste","41861172","0.016693530961381344","2651","Crude materials"
"Discontinuous synthetic fibres, not carded or combed","5448860","0.0021729136755710603","2665","Crude materials"
"Continuous filament tow for synthetic (discontinuous) fibres","1907898","0.0007608376166380995","2666","Crude materials"
"Discontinuous synthetic fibres, carded or combed","42602","0.000016988960701261972","2667","Crude materials"
"Regenerated fibre suitable for spinning","21481494","0.008566458320510653","2671","Crude materials"
"Waste of man-made fibres, not carded or combed","476921","0.00019018806925981318","2672","Crude materials"
"Wool greasy or fleece-washed of sheep or lambs","24727570","0.0098609388049318","2681","Crude materials"
"Wool degreased, uncombed of sheep or lambs","49306","0.000019662403087564502","2682","Crude materials"
"Waste of sheep's or lambs' wool, or of other animal hair, nes","69433","0.0000276887119940548","2686","Crude materials"
"Sheep's or lambs' wool, or of other animal hair, carded or combed","139077","0.00005546156723743982","2687","Crude materials"
"Old clothing and other old textile articles; rags","1507494","0.0006011632393640726","2690","Crude materials"
"Animal or vegetable fertilizer, crude","5364582","0.002139305027385976","2711","Crude materials"
"Natural sodium nitrate","435541","0.0001736864215949566","2712","Crude materials"
"Natural calcium phosphates, natural aluminium, etc","42810","0.000017071907601075658","2713","Crude materials"
"Building and monumental (dimension) stone, roughly squared, split","184862240","0.07371995048371578","2731","Crude materials"
"Gypsum, plasters, limestone flux and calcareous stone","1646794","0.0006567137352489087","2732","Crude materials"
"Sands, excluding metal-bearing sands","3956094","0.001577623714766872","2733","Crude materials"
"Pebbles, gravel, crushed or broken stone, etc","2299689","0.0009170772744501301","2734","Crude materials"
"Sulphur (other than sublimed, precipitated or colloidal)","1982308","0.0007905110724801","2741","Crude materials"
"Iron pyrites, unroasted","76972","0.000030695138329128605","2742","Crude materials"
"Industrial diamonds","190173","0.00007583779220320862","2771","Crude materials"
"Other natural abrasives","2006812","0.0008002828553312273","2772","Crude materials"
"Clay and other refractory minerals, nes","278669248","0.11112860670677965","2782","Crude materials"
"Common salt; pure sodium chloride; salt liquors; sea water","26455580","0.010550040114292574","2783","Crude materials"
"Asbestos","11276915","0.004497043936117357","2784","Crude materials"
"Quartz, mica, felspar, fluorspar, cryolite and chiolite","48780608","0.019452885599165894","2785","Crude materials"
"Slag, scalings, dross and similar waste, nes","20813808","0.0083001963794097","2786","Crude materials"
"Minerals, crude, nes","31806768","0.012684003839870357","2789","Crude materials"
"Roasted iron pyrites","1400705","0.0005585775831900182","2814","Crude materials"
"Iron ore and concentrates, not agglomerated","22092308480","8.810040856459242","2815","Crude materials"
"Iron ore agglomerates","2721565696","1.085314601550319","2816","Crude materials"
"Waste and scrap metal of iron or steel","204027008","0.08136253746087184","2820","Crude materials"
"Ores and concentrates of uranium and thorium","2156209","0.0008598598649055768","2860","Crude materials"
"Copper ore and concentrates; copper matte; cement copper","2161085952","0.861804711294712","2871","Crude materials"
"Nickel ores and concentrates; nickel mattes, etc","10079","0.000004019335592413958","2872","Crude materials"
"Aluminium ores and concentrates (including alumina)","2557296640","1.0198068663074336","2873","Crude materials"
"Lead ores and concentrates","12616685","0.005031321666710517","2874","Crude materials"
"Zinc ores and concentrates","85152","0.000033957184677570525","2875","Crude materials"
"Tin ores and concentrates","19412454","0.007741359985940938","2876","Crude materials"
"Manganese ore and concentrates","521644096","0.20802288735245594","2877","Crude materials"
"Ores and concentrates of other non-ferrous base metals","38702552","0.015433926458066474","2879","Crude materials"
"Ash and residues, nes","29961150","0.011948002439195698","2881","Crude materials"
"Other non-ferrous base metal waste and scrap, nes","45886452","0.018298744888698745","2882","Crude materials"
"Ores and concentrates of precious metals, waste, scrap","169461952","0.06757857478257225","2890","Crude materials"
"Bones, ivory, horns, coral, shells and similar products","12963436","0.005169600130447508","2911","Crude materials"
"Other materials of animal origin, nes","585657280","0.2335502679293925","2919","Crude materials"
"Natural gums, resins, lacs and balsams","40583748","0.016184115766440993","2922","Crude materials"
"Vegetable plaiting materials","54023","0.000021543463310743056","2923","Crude materials"
"Plants and parts of trees used in perfumery; in pharmacy; etc","10565683","0.004213416583000604","2924","Crude materials"
"Seeds, fruits and spores, nes, for planting","56681908","0.02260379107752093","2925","Crude materials"
"Live plants, bulbs, etc","10591710","0.004223795712622963","2926","Crude materials"
"Cut flowers and foliage","2150005","0.0008573858141053648","2927","Crude materials"
"Other materials of vegetable origin, nes","98172480","0.03914953299529194","2929","Crude materials"
"Anthracite, not agglomerated","387336","0.00015446307877996357","3221","Fuels"
"Other coal, not agglomerated","179375","0.00007153173150999639","3222","Fuels"
"Lignite, not agglomerated","76226","0.000030397646082681452","3223","Fuels"
"Peat, not agglomerated","617999","0.00024644760162478754","3224","Fuels"
"Coke and semi-coke of coal, of lignite or peat; retort carbon","750079","0.00029911888300647574","3232","Fuels"
"Crude petroleum and oils obtained from bituminous materials","23442956288","9.34865647383302","3330","Fuels"
"Petroleum products, refined","4959759872","1.9778687750130068","3340","Fuels"
"Petroleum jelly and mineral waxes","10596554","0.004225727418309008","3351","Fuels"
"Mineral tars and products","105179616","0.041943860917276775","3352","Fuels"
"Mineral tar pitch, pitch coke","5069","0.0000020214318997863236","3353","Fuels"
"Petroleum bitumen, petroleum coke and bituminous mixtures, nes","196690448","0.0784368407911744","3354","Fuels"
"Petroleum gases and other gaseous hydrocarbons, nes, liquefied","1755857","0.0007002062243565031","3413","Fuels"
"Petroleum gases, nes, in gaseous state","72030","0.000028724351892209285","3414","Fuels"
"Electric current","576659","0.00022996190528681818","3510","Fuels"
"Fat and oils of fish and marine mammals","1039905","0.00041469661466705395","4111","Vegetable oils"
"Animals oils, fats and greases, nes","18803760","0.007498623061733296","4113","Vegetable oils"
"Soya bean oil","652202176","0.2600872526487382","4232","Vegetable oils"
"Cotton seed oil","2898148","0.0011557326528904978","4233","Vegetable oils"
"Groundnut (peanut) oil","57422956","0.02289930854969944","4234","Vegetable oils"
"Olive oil","385738","0.00015382582327081807","4235","Vegetable oils"
"Sunflower seed oil","429093","0.00017111506770073248","4236","Vegetable oils"
"Other fixed vegetable oils, soft","718829","0.00028665690887581433","4239","Vegetable oils"
"Linseed oil","367057","0.00014637615483130173","4241","Vegetable oils"
"Palm oil","12255895","0.004887444686019274","4242","Vegetable oils"
"Coconut (copra) oil","415640","0.00016575023768537924","4243","Vegetable oils"
"Palm kernel oil","1451927","0.0005790040548354818","4244","Vegetable oils"
"Castor oil","1040207","0.0004148170471850527","4245","Vegetable oils"
"Fixed vegetable oils, nes","29948276","0.01194286850463704","4249","Vegetable oils"
"Processed animal and vegetable oils","15593833","0.006218558190203326","4311","Vegetable oils"
"Hydrogenated animal or vegetable oils and fats","4945536","0.0019721965342161477","4312","Vegetable oils"
"Fatty acids, acid oils, and residues; degras","15700041","0.0062609121533543435","4313","Vegetable oils"
"Waxes of animal or vegetable origin","103876664","0.041424265585516984","4314","Vegetable oils"
"Acyclic hydrocarbons","392556736","0.15654502044316398","5111","Chemicals"
"Cyclic hydrocarbons","180488144","0.07197563460541083","5112","Chemicals"
"Halogenated derivatives of hydrocarbons","4419076","0.001762253145389652","5113","Chemicals"
"Hydrocarbons derivatives, nonhaloganeted","842739","0.00033607013174078245","5114","Chemicals"
"Acyclic alcohols, and their derivatives","1108874240","0.44220038697717806","5121","Chemicals"
"Cyclic alcohols, and their derivatives","13459120","0.0053672705683669554","5122","Chemicals"
"Phenols and phenol-alcohols, and their derivatives","39315568","0.015678386923144282","5123","Chemicals"
"Monocarboxylic acids and their derivatives","187178368","0.07464358335473338","5137","Chemicals"
"Polycarboxylic acids and their derivatives","37114124","0.014800488101445092","5138","Chemicals"
"Oxygen-function acids, and their derivatives","87798864","0.03501270949982265","5139","Chemicals"
"Amine-function compounds","6514168","0.0025977405791610324","5145","Chemicals"
"Oxygen-function amino-compounds","215674832","0.08600749366459975","5146","Chemicals"
"Amide-function compounds; excluding urea","20615702","0.00822119504030158","5147","Chemicals"
"Other nitrogen-function compounds","166352160","0.06633844206398863","5148","Chemicals"
"Organo-sulphur compounds","3490082","0.0013917859711323833","5154","Chemicals"
"Other organo-inorganic compounds","1732468","0.0006908790847423578","5155","Chemicals"
"Heterocyclic compound; nucleic acids","136077520","0.054265425088145865","5156","Chemicals"
"Sulphonamides, sultones and sultams","744746","0.0002969921723492336","5157","Chemicals"
"Ethers, epoxides, acetals","267705056","0.10675627144061631","5161","Chemicals"
"Aldehyde, ketone and quinone-function compounds","37722092","0.015042935509069731","5162","Chemicals"
"Inorganic esters, their salts and derivatives","2447620","0.0009760696678940621","5163","Chemicals"
"Organic chemicals, nes","54555204","0.02175569731011056","5169","Chemicals"
"Chemical elements","416039744","0.16590964886575965","5221","Chemicals"
"Inorganic acids and oxygen compounds of non-metals","37245320","0.014852806858502572","5222","Chemicals"
"Halogen and sulphur compounds of non-metals","84548","0.000033716319641573105","5223","Chemicals"
"Metallic oxides of zinc, iron, lead, chromium etc","44557740","0.017768876902423566","5224","Chemicals"
"Inorganic bases and metallic oxides, hydroxides and peroxides","504542112","0.2012029039223444","5225","Chemicals"
"Metallic salts and peroxysalts of inorganic acids","54175968","0.021604464375025265","5231","Chemicals"
"Metallic salts and peroxysalts of inorganic acids","46911824","0.01870764598752449","5232","Chemicals"
"Salts of metallic acids; compounds of precious metals","164559680","0.06562363120351734","5233","Chemicals"
"Inorganic chemical products, nes","88703888","0.03537361784144274","5239","Chemicals"
"Radio-active chemical elements, isotopes etc","693994","0.00027675312879469515","5241","Chemicals"
"Other radio-active and associated materials","5267","0.0000021003909678781942","5249","Chemicals"
"Synthetic organic dyestuffs, etc, natural indigo and colour lakes","33197604","0.013238645831934117","5311","Chemicals"
"Synthetic organic luminophores, indigo, lakes","10788481","0.004302264676196222","5312","Chemicals"
"Dyeing, tanning extracts, tannins and their derivatives","46874588","0.018692796897325153","5322","Chemicals"
"Synthetic tanning substances; tanning preparations","8837413","0.003524211590015062","5323","Chemicals"
"Other colouring matter; inorganic products use as luminophores","33612988","0.01340429398112742","5331","Chemicals"
"Printing inks","10594310","0.004224832548870634","5332","Chemicals"
"Varnishes and lacquers; distempers etc","126274792","0.050356262120276746","5334","Chemicals"
"Glazes, driers, putty etc","60421144","0.024094935471134938","5335","Chemicals"
"Provitamins and vitamins","3127034","0.0012470085380383558","5411","Chemicals"
"Antibiotics, not put up as medicaments","47073624","0.018772169104783402","5413","Chemicals"
"Vegetable alkaloids and derivatives, not put up as medicaments","10980887","0.004378992951222912","5414","Chemicals"
"Hormones, natural, or reproduce by synthesis, in bulk","1871850","0.0007464622808473129","5415","Chemicals"
"Glycosides, glands, antisera, vaccines and similar products","146099184","0.058261896048599646","5416","Chemicals"
"Medicaments (including veterinary medicaments)","1071415424","0.4272624415065474","5417","Chemicals"
"Pharmaceutical goods, other than medicaments","151217344","0.06030293212913039","5419","Chemicals"
"Essential oil, resinoid, etc","287292960","0.11456759793411642","5513","Chemicals"
"Mixtures of odoriferous substances, used in perfumery, food etc","73020664","0.029119412024694966","5514","Chemicals"
"Perfumery, cosmetics, toilet preparations, etc","349004352","0.1391770625955918","5530","Chemicals"
"Soaps, organic products and preparations for use as soap","73781096","0.029422659509883032","5541","Chemicals"
"Organic surface-active agents, nes","158531776","0.06321980452479381","5542","Chemicals"
"Polishes and creams, for furniture, floors, footwear, metals etc","4175514","0.0016651247184068633","5543","Chemicals"
"Mineral or chemical fertilizers, nitrogenous","19876864","0.007926558878933593","5621","Chemicals"
"Mineral or chemical fertilizers, phosphatic","4345602","0.0017329529505968131","5622","Chemicals"
"Mineral or chemical fertilizer, potassic","3663443","0.0014609194206448822","5623","Chemicals"
"Fertilizers, nes","104525544","0.0416830280102819","5629","Chemicals"
"Propellent powders and other prepared explosives","10927413","0.004357668419873696","5721","Chemicals"
"Fuses, caps, igniters, detonators","16976838","0.006770077311245737","5722","Chemicals"
"Pyrotechnic articles","23240962","0.009268104550901903","5723","Chemicals"
"Phenoplasts","94205664","0.03756763352735294","5821","Chemicals"
"Aminoplasts","8197657","0.0032690876629131293","5822","Chemicals"
"Alkyds and other polyesters","221438672","0.08830601606374443","5823","Chemicals"
"Polyamides","39236936","0.015647029804749333","5824","Chemicals"
"Polyurethanes","39886240","0.015905961313579253","5825","Chemicals"
"Epoxide resins","11691390","0.004662329591407145","5826","Chemicals"
"Silicones","24522344","0.009779098129637748","5827","Chemicals"
"Other condensation, polycodensation or polyaddition products","17443120","0.006956022726336716","5829","Chemicals"
"Polyethylene","911828352","0.36362180269528355","5831","Chemicals"
"Polypropylene","367727840","0.14664367453452776","5832","Chemicals"
"Polystyrene and its copolymers","88458912","0.035275925535054486","5833","Chemicals"
"Polyvinyl chloride","84381936","0.03365009611286801","5834","Chemicals"
"Acrylic and methaacrylic polymers; acrylo-methacrylic copolymers","51300364","0.020457721889968417","5836","Chemicals"
"Polyvinyl acetate","2240580","0.0008935055999256737","5837","Chemicals"
"Ion exchangers of the polymerization or copolymerization type","2675104","0.001066786459034522","5838","Chemicals"
"Other polymerization and copolymarization products","453273536","0.1807578585518533","5839","Chemicals"
"Regenerated cellulose","343473","0.00013697125249858113","5841","Chemicals"
"Cellulose nitrates","51276124","0.020448055385874745","5842","Chemicals"
"Cellulose acetates","455200","0.0001815260999768661","5843","Chemicals"
"Other chemical derivatives of cellulose; vulcanized fibre","31781840","0.012674062972954224","5849","Chemicals"
"Modified natural resins etc; derivatives of natural rubber","14533163","0.00579558084296593","5851","Chemicals"
"Other artificial plastic materials, nes","58113596","0.02317472415973464","5852","Chemicals"
"Insecticides, for sale by retail or as preparations","65604032","0.026161783988834633","5911","Chemicals"
"Fungicides, for sale by retail or as preparation","154749616","0.0617115427622971","5912","Chemicals"
"Herbicides, for sale by retail or as preparation","102389416","0.04083117611025689","5913","Chemicals"
"Disinfectants, etc, for sale by retail or as preparation","24283792","0.009683967606347587","5914","Chemicals"
"Starches, insulin and wheat gluten","26759176","0.010671109090234087","5921","Chemicals"
"Albuminoid substances; glues","442331648","0.17639441774556228","5922","Chemicals"
"Woods and resin-based chemical products","194419760","0.0775313286275007","5981","Chemicals"
"Anti-knock preparation, anti-corrosive; viscosity improvers; etc","36232976","0.014449101106844003","5982","Chemicals"
"Organic chemical products, nes","13997062","0.005581792785576436","5983","Chemicals"
"Chemical products and preparations, nes","342432864","0.13655646376500133","5989","Chemicals"
"Composition leather, in slabs, sheets or rolls","1395216","0.0005563886623579158","6112","Material manufacturers"
"Leather of other bovine cattle and equine leather","995324352","0.3969186024397221","6114","Material manufacturers"
"Sheep and lamb skin leather","3206571","0.0012787265552041292","6115","Material manufacturers"
"Leather of other hides or skins","6724558","0.0026816405707562278","6116","Material manufacturers"
"Leather, specially dressed or finished, nes","15331038","0.006113759966469977","6118","Material manufacturers"
"Saddlery and harness, of any material, for any kind of animal","768091","0.00030630176550380285","6122","Material manufacturers"
"Parts of footwear of any material except metal and asbestos","109354912","0.0436088987009521","6123","Material manufacturers"
"Other articles of leather or of composition leather","8580623","0.003421808059230661","6129","Material manufacturers"
"Furskins, tanned or dressed; pieces of furskin, tanned or dressed","23843944","0.009508563625630047","6130","Material manufacturers"
"Materials of rubber","102770288","0.04098306145461187","6210","Material manufacturers"
"Tires, pneumatic, new, for motor cars","372925312","0.14871633890601052","6251","Material manufacturers"
"Tires, pneumatic, new, for buses and lorries","423970464","0.16907228654504025","6252","Material manufacturers"
"Tires, pneumatic, new, for aircraft","858857","0.00034249771890999846","6253","Material manufacturers"
"Tires, pneumatic, new, for motorcycles and bicycles","53762044","0.021439398449263347","6254","Material manufacturers"
"Other tires, tire cases, tire flaps and inner tubes, etc","305211232","0.12171310328228137","6259","Material manufacturers"
"Hygienic, pharmaceutical articles of unhardened vulcanized rubber","547674","0.00021840317504114712","6281","Material manufacturers"
"Transmission, conveyor or elevator belts, of vulcanized rubber","38206752","0.015236209761299054","6282","Material manufacturers"
"Other articles of rubber, nes","121741160","0.04854832596981471","6289","Material manufacturers"
"Cork manufactures","674534","0.00026899280826404967","6330","Material manufacturers"
"Wood sawn lengthwise, veneer sheets etc, up to 5 mm in thickness","35105400","0.013999442772688655","6341","Material manufacturers"
"Plywood consisting solely of sheets of wood","536394624","0.21390514969964305","6342","Material manufacturers"
"Improved wood and reconstituted wood","128695288","0.051321515193408565","6343","Material manufacturers"
"Wood-based panels, nes","19491726","0.007772972325566082","6344","Material manufacturers"
"Wood, simply shaped, nes","5185238","0.0020677856581543174","6349","Material manufacturers"
"Wood packing cases, boxes, cases, crates, etc, complete","13032897","0.0051973000083703836","6351","Material manufacturers"
"Casks, barrels; other coopers products and parts, including staves","3719","0.000001483074617341751","6352","Material manufacturers"
"Builders` carpentry and joinery (including prefabricated)","255856544","0.1020312842396297","6353","Material manufacturers"
"Manufactures of wood for domestic or decorative use","26137024","0.010423005342095231","6354","Material manufacturers"
"Manufactured articles of wood, nes","130683488","0.05211437589633915","6359","Material manufacturers"
"Newsprint","23634170","0.009424909284468914","6411","Material manufacturers"
"Printing paper and writing paper, in rolls or sheets","295489888","0.11783639488409704","6412","Material manufacturers"
"Kraft paper and paperboard, in rolls or sheets","249449360","0.0994762070793613","6413","Material manufacturers"
"Paper and paperboard, in rolls or sheets, nes","781649088","0.3117085028451543","6415","Material manufacturers"
"Fibre building board of wood or other vegetable material","198396976","0.07911737544043038","6416","Material manufacturers"
"Paper and paperboard, creped, crinkled, etc, in rolls or sheets","36647708","0.014614489249409042","6417","Material manufacturers"
"Paper and paperboard, coated, impregnated, etc, in rolls or sheets","429436480","0.17125204174471323","6418","Material manufacturers"
"Converted paper and paperboard, nes","116577","0.000046488945863363625","6419","Material manufacturers"
"Packing containers, box files, etc, of paper, used in offices","136403264","0.054395326313784846","6421","Material manufacturers"
"Correspondence stationary","375371","0.00014969163812481593","6422","Material manufacturers"
"Registers, exercise books, file and book covers, etc, of paper","23512108","0.009376233012906137","6423","Material manufacturers"
"Paper and paperboard cut to size or shape, nes","68334808","0.027250771504630827","6424","Material manufacturers"
"Articles of paper pulp, paper, paperboard or cellulose wadding, nes","56473008","0.022520485272852286","6428","Material manufacturers"
"Silk yarn and spun from noil or waste; silkworm gut","21097818","0.008413454788140873","6511","Material manufacturers"
"Yarn of wool or animal hair (including wool tops)","3284691","0.0013098794966149216","6512","Material manufacturers"
"Cotton yarn","25036030","0.009983947462222802","6513","Material manufacturers"
"Yarn 85% of synthetic fibres, not for retail; monofil, strip, etc","81860856","0.03264473183314552","6514","Material manufacturers"
"Yarn containing 85% or more of synthetic fibres, put up for retail","1131909","0.0004513862616404098","6515","Material manufacturers"
"Yarn containing less than 85% of discontinuous synthetic fibres","1185929","0.0004729285286016364","6516","Material manufacturers"
"Yarn of regenerated fibres, not for retail, monofil, strip, etc","446431","0.0001780291703400095","6517","Material manufacturers"
"Yarn of textile fibres, nes","42589980","0.016984167327532357","6519","Material manufacturers"
"Cotton fabrics, woven, unbleached, not mercerized","3703784","0.0014770067325938425","6521","Material manufacturers"
"Cotton fabrics, woven, bleached, dyed, etc, or otherwise finished","112573680","0.04489248921450732","6522","Material manufacturers"
"Fabrics, woven, of continuous synthetic textile materials","33057768","0.013182881588268993","6531","Material manufacturers"
"Fabrics, woven, 85% plus of discontinuous synthetic fibres","260549","0.00010390255672863025","6532","Material manufacturers"
"Fabrics, woven, less 85% of discontinuous synthetic fibres","5609330","0.002236906411210972","6534","Material manufacturers"
"Fabric, woven of continuous regenerated textile materials","119526","0.00004766495743812588","6535","Material manufacturers"
"Fabrics, woven, 85% plus of discontinuous regenerated fibres","1613060","0.0006432611837185493","6536","Material manufacturers"
"Fabrics, woven, less 85% of discontinuous regenerated fibres","500666","0.00019965717568325497","6538","Material manufacturers"
"Pile and chenille fabrics, woven, of man-made fibres","4893956","0.0019516272981950434","6539","Material manufacturers"
"Fabrics, woven, of silk, of noil or other waste silk","30826","0.00001229289006565658","6541","Material manufacturers"
"Fabrics, woven, 85% plus of sheep's or lambs' wool or of fine hair","1023776","0.00040826464088294397","6542","Material manufacturers"
"Fabrics, woven, of sheep's or lambs' wool or of fine hair, nes","12526","0.000004995158014741268","6543","Material manufacturers"
"Fabrics, woven, of flax or of ramie","1508632","0.0006016170546140147","6544","Material manufacturers"
"Fabrics, woven of jute or other textile bast fibres of heading 2640","19757","0.000007878759132783268","6545","Material manufacturers"
"Fabrics of glass fibre (including narrow, pile fabrics, lace, etc)","3877422","0.0015462506450450355","6546","Material manufacturers"
"Fabrics, woven, nes","22265","0.00000887890732861363","6549","Material manufacturers"
"Knitted etc, not elastic nor rubberized, of synthetic fibres","4749114","0.0018938667459699793","6551","Material manufacturers"
"Knitted, not elastic nor rubberized, of fibres other than synthetic","28244776","0.011263541370826425","6552","Material manufacturers"
"Knitted or crocheted fabrics, elastic or rubberized","22292706","0.00888995601518208","6553","Material manufacturers"
"Tulle, lace, embroidery, ribbons, trimmings and other small wares","18230824","0.0072701458261965075","6560","Material manufacturers"
"Felt, articles of felt, nes, whether or not impregnated or coated","4670386","0.0018624713443905004","6571","Material manufacturers"
"Bonded fibre fabrics, etc, whether or not impregnated or coated","85830432","0.034227731942639734","6572","Material manufacturers"
"Coated or impregnated textile fabrics and products, nes","18854580","0.007518889222543542","6573","Material manufacturers"
"Elastic fabrics and trimming (not knitted or crocheted)","3628509","0.0014469883293079053","6574","Material manufacturers"
"Twine, cordage, ropes and cables and manufactures thereof","41239088","0.016445454330498196","6575","Material manufacturers"
"Hat shapes, hat-forms, hat bodies and hoods","456070","0.00018187304133666373","6576","Material manufacturers"
"Wadding, wicks and textiles fabrics for use in machinery or plant","61343896","0.024462913440831457","6577","Material manufacturers"
"Special products of textile materials","1830240","0.0007298689130528547","6579","Material manufacturers"
"Bags, sacks of textile materials, for the packing of goods","10393609","0.004144796367430701","6581","Material manufacturers"
"Tarpaulins, sails, tents, camping goods, etc, of textile fabrics","3393844","0.0013534078762080122","6582","Material manufacturers"
"Travelling rugs, blankets (non electric), not knitted or crocheted","490909","0.00019576624827228334","6583","Material manufacturers"
"Linens and furnishing articles of textile, not knitted or crocheted","30111198","0.012007839056615139","6584","Material manufacturers"
"Other made-up articles of textile materials, nes","6799975","0.002711715601252615","6589","Material manufacturers"
"Linoleum and similar floor covering","10156","0.000004050041896671907","6591","Material manufacturers"
"Carpets, carpeting and rugs, knotted","123676","0.000049319907602677706","6592","Material manufacturers"
"Kelem, Schumacks and Karamanie rugs and the like","168511","0.00006719935112742024","6593","Material manufacturers"
"Carpets, rugs, mats, of wool or fine animal hair","208564","0.00008317181352279242","6594","Material manufacturers"
"Carpets, rugs, mats, of man-made textile materials, nes","3525657","0.0014059726824827282","6595","Material manufacturers"
"Carpets, rugs, mats, of other textile materials, nes","8013766","0.0031957550265975625","6596","Material manufacturers"
"Plaits, plaited products for all uses; straw envelopes for bottles","67105","0.00002676034476921705","6597","Material manufacturers"
"Lime, quick, slaked and hydraulic (no calcium oxide or hydroxide)","1803841","0.0007193414360904441","6611","Material manufacturers"
"Cement","11442642","0.004563133074893425","6612","Material manufacturers"
"Building and monumental stone, worked, and articles thereof","726200896","0.289596696947684","6613","Material manufacturers"
"Construction materials, of asbestos-cement or fibre-cements, etc","9859919","0.003931969776269337","6618","Material manufacturers"
"Refractory bricks and other refractory construction materials","70866312","0.028260292700140126","6623","Material manufacturers"
"Non-refractory ceramic bricks, tiles, pipes and similar products","351061504","0.1399974201958106","6624","Material manufacturers"
"Hand polishing stone, grindstones, grinding wheels, etc","28379398","0.011317226359031799","6631","Material manufacturers"
"Abrasive power or grain, on a base of woven fabrics","24232650","0.009663573037355898","6632","Material manufacturers"
"Manufactures of mineral materials, nes (other than ceramic)","77320288","0.030834029722601235","6633","Material manufacturers"
"Wool; expanding or insulating mineral materials, nes","10753420","0.004288282939396378","6635","Material manufacturers"
"Refractory goods, nes","12871078","0.0051327693142312","6637","Material manufacturers"
"Manufactures of asbestos; friction materials","77002144","0.03070715924907083","6638","Material manufacturers"
"Articles of ceramic materials, nes","15659885","0.0062448986162922365","6639","Material manufacturers"
"Glass in the mass, in balls, rods or tubes (nonoptical); waste","17791688","0.0070950257790975595","6641","Material manufacturers"
"Optical glass and elements of optical glass (unworked)","13434","0.000005357253135081765","6642","Material manufacturers"
"Drawn or blown glass (flashed glass), unworked, in rectangles","5001","0.000001994314644078004","6643","Material manufacturers"
"Glass, cast, rolled, etc, surface-ground, but no further worked","32724564","0.013050005440165541","6644","Material manufacturers"
"Cast, rolled glass (flashed or wired), unworked, in rectangles","138127","0.00005508272322386772","6645","Material manufacturers"
"Bricks, tiles, etc of pressed or moulded glass, used in building","1138682","0.00045408722006559286","6646","Material manufacturers"
"Safety glass consisting of toughened or laminated glass, cut or not","29780152","0.011875823482597253","6647","Material manufacturers"
"Glass mirror, unframed, framed or backed","23530140","0.009383423871066908","6648","Material manufacturers"
"Glass, nes","7035513","0.002805644192061822","6649","Material manufacturers"
"Bottles etc of glass","14164981","0.005648756057065925","6651","Material manufacturers"
"Glassware (other than heading 66582), for indoor decoration","25930686","0.010340721219913713","6652","Material manufacturers"
"Articles made of glass, nes","8159534","0.0032538848520400664","6658","Material manufacturers"
"Porcelain or china house ware","2194193","0.000875007244917706","6664","Material manufacturers"
"Articles of domestic or toilet purposes, of other kind of pottery","6506799","0.0025948019459652296","6665","Material manufacturers"
"Ornaments, personal articles of porcelain, china, or ceramic, nes","685508","0.00027336905479556574","6666","Material manufacturers"
"Pearls, not mounted, set or strung","363988","0.00014515228927587776","6671","Material manufacturers"
"Diamonds (non-industrial), not mounted or set","62113004","0.024769620768821363","6672","Material manufacturers"
"Precious and semi-precious stones, not mounted, set or strung","191585984","0.07640126644496983","6673","Material manufacturers"
"Synthetic or reconstructed precious or semi-precious stones","711915","0.0002838997220233538","6674","Material manufacturers"
"Pig iron, cast iron, spiegeleisen, in pigs, blocks, lumps, etc","893530688","0.3563250022018584","6712","Material manufacturers"
"Iron and steel powders, shot or sponge","8554604","0.00341143211987368","6713","Material manufacturers"
"Ferro-alloys","3039596800","1.212140054055717","6716","Material manufacturers"
"Puddled bars, pilings; ingots, blocks, lumps, etc, of iron or steel","12690591","0.005060794135833738","6724","Material manufacturers"
"Blooms, billets, slabs and sheet bars, of iron or steel","3307519488","1.3189831134756613","6725","Material manufacturers"
"Iron or steel coils for re-rolling","621212992","0.2477292875499124","6727","Material manufacturers"
"Wire rod of iron or steel","274628608","0.10951726746993755","6731","Material manufacturers"
"Bars, rods (not wire rod), from iron or steel; hollow mining drill","503092288","0.20062473850852003","6732","Material manufacturers"
"Angles, shapes, sections and sheet piling, of iron or steel","86494400","0.03449251120790652","6733","Material manufacturers"
"Sheet, plates, rolled of thickness 4,75mm plus, of iron or steel","93283872","0.03720003838950171","6744","Material manufacturers"
"Sheet, plates, rolled of thickness 3mm to 4,75mm, of iron or steel","69059712","0.027539851021277637","6745","Material manufacturers"
"Sheet, plates, rolled of thickness less 3mm, of iron or steel","207826992","0.08287790713462952","6746","Material manufacturers"
"Tinned sheets, plates of steel (not of high carbon or alloy steel)","56135356","0.02238583533719897","6747","Material manufacturers"
"Other sheet and plates, of iron or steel, worked","326758720","0.13030587889945694","6749","Material manufacturers"
"Rails and railway track construction materials, of iron or steel","7785156","0.003104589205605227","6760","Material manufacturers"
"Iron or steel wire (excluding wire rod), not insulated","62865424","0.025069673203233916","6770","Material manufacturers"
"Tubes and pipes, of cast iron","17050868","0.00679959922948231","6781","Material manufacturers"
"Seamless tubes, pipes; blanks for tubes and pipes, of iron or steel","159448848","0.06358551740607234","6782","Material manufacturers"
"Other tubes and pipes, of iron or steel","119461744","0.047639333226614206","6783","Material manufacturers"
"Tube and pipes fittings, of iron or steel","56546712","0.022549877187774726","6785","Material manufacturers"
"Steel and iron forging and stampings, in the rough state","7572923","0.0030199542566237015","6793","Material manufacturers"
"Castings of iron or steel, in rough state","22614856","0.009018424014100244","6794","Material manufacturers"
"Silver, unwrought, unworked, or semi-manufactured","7151091","0.0028517347535361765","6811","Material manufacturers"
"Metals of platinum group, unwrought, unworked, or semi-manufactured","607488","0.0002422559917019913","6812","Material manufacturers"
"Copper and copper alloys, refined or not, unwrought","303895616","0.12118845776042907","6821","Material manufacturers"
"Copper and copper alloys, worked","535466528","0.21353504063267437","6822","Material manufacturers"
"Nickel and nickel alloys, unwrought","7820695","0.0031187615607613734","6831","Material manufacturers"
"Nickel and nickel alloys, worked","38363560","0.015298742152962437","6832","Material manufacturers"
"Aluminium and aluminium alloys, unwrought","219526256","0.08754337674473442","6841","Material manufacturers"
"Aluminium and aluminium alloys, worked","341829472","0.1363158411891726","6842","Material manufacturers"
"Lead, and lead alloys, unwrought","29824920","0.011893676207649459","6851","Material manufacturers"
"Lead and lead alloys, worked","10421","0.000004155719437299916","6852","Material manufacturers"
"Zinc and zinc alloys, unwrought","222687824","0.08880415686084088","6861","Material manufacturers"
"Zinc and zinc alloys worked","4924068","0.0019636354570757627","6863","Material manufacturers"
"Tin and tin alloys, unwrought","157470784","0.06279669876937498","6871","Material manufacturers"
"Tin and tin alloys worked","3657046","0.0014583684046924393","6872","Material manufacturers"
"Tungsten, molybdenum, tantalum, magnesium, unwrought; waste, scrap","15392702","0.006138350531999357","6891","Material manufacturers"
"Base metals, nes and cermets, unwrought (including waste and scrap)","100067248","0.039905134588879294","6899","Material manufacturers"
"Structures and parts of, of iron, steel; plates, rods, and the like","92033952","0.03670159132692904","6911","Material manufacturers"
"Structures and parts of, of aluminium; plates, rods, and the like","8711560","0.003474023531446546","6912","Material manufacturers"
"Iron, steel, aluminium reservoirs, tanks, etc, capacity 300 lt plus","17892064","0.007135054038788417","6921","Material manufacturers"
"Cask, drums, etc, of iron, steel, aluminium, for packing goods","103892576","0.04143061102335273","6924","Material manufacturers"
"Wire, cables, cordage, ropes, plaited bans, sling and the like","43657500","0.017409876339499194","6931","Material manufacturers"
"Barbed iron or steel wire: fencing wire","5292492","0.0021105567485034363","6932","Material manufacturers"
"Gauze, cloth, grill, netting, reinforced fabric and the like","7112820","0.0028364729227536314","6935","Material manufacturers"
"Nails, screws, nuts, bolts, rivets, etc, of iron, steel or copper","121182784","0.04832565501726487","6940","Material manufacturers"
"Hand tools, used in agriculture, horticulture or forestry","20510266","0.008179148937759485","6951","Material manufacturers"
"Other hand tools","83474232","0.03328811903234648","6953","Material manufacturers"
"Interchangeable tools for hand or machine tools (tips, blades, etc)","143856944","0.05736772846860815","6954","Material manufacturers"
"Cutlery","144534752","0.05763802689297792","6960","Material manufacturers"
"Domestic, non-electric, heating, cooking apparatus, and parts, nes","30036262","0.011977955840824572","6973","Material manufacturers"
"Base metal domestic articles, nes, and parts thereof, nes","78587152","0.03133923376724335","6974","Material manufacturers"
"Base metal indoors sanitary ware, and parts thereof, nes","14144663","0.005640653580573548","6975","Material manufacturers"
"Household appliances, decorative article, etc, of base metal, nes","13707364","0.005466266098161897","6978","Material manufacturers"
"Locksmiths wares, safes, etc, and hardware, nes, of base metal","68511992","0.027321429502210573","6991","Material manufacturers"
"Chain and parts thereof, of iron or steel","10190644","0.004063857340888951","6992","Material manufacturers"
"Pins, needles, etc, of iron, steel; metal fittings for clothing","3548730","0.001415173806614464","6993","Material manufacturers"
"Springs and leaves for springs, of iron, steel or copper","41416280","0.016516115518343324","6994","Material manufacturers"
"Miscellaneous articles of base metal","140690288","0.05610491934372163","6996","Material manufacturers"
"Articles of iron or steel, nes","106459864","0.042454402275895364","6997","Material manufacturers"
"Articles, nes, of copper, nickel, aluminium, lead, zinc and tin","41108608","0.016393421102192","6998","Material manufacturers"
"Other base metal manufactures, nes; and of cermets","136454768","0.05441586524228487","6999","Material manufacturers"
"Steam and other vapour-generated boilers; super-heated water boiler","22318306","0.008900164864389918","7111","Machinery and vehicles"
"Auxiliary plant for boilers of heading 7111; condensers","5120570","0.002041997147975706","7112","Machinery and vehicles"
"Parts, nes of boilers and auxiliary plant of headings 7111 and 7112","11352517","0.004527192741500598","7119","Machinery and vehicles"
"Steam power units (mobile engines but not steam tractors, etc)","51224200","0.02042734896844241","7126","Machinery and vehicles"
"Parts, nes of steam power units","4860574","0.001938315118341292","7129","Machinery and vehicles"
"Internal combustion piston engines, for aircraft, and parts, nes","4068462","0.001622434182258525","7131","Machinery and vehicles"
"Motor vehicles piston engines, headings: 722; 78; 74411 and 95101","548691456","0.2188089193723819","7132","Machinery and vehicles"
"Internal combustion piston engines, marine propulsion","7045802","0.002809747272120394","7133","Machinery and vehicles"
"Internal combustion piston engines, nes","31735602","0.012655624036638911","7138","Machinery and vehicles"
"Piston engines parts, nes, falling in headings: 7132, 7133 and 7138","1114533248","0.4444571041388166","7139","Machinery and vehicles"
"Reaction engines","366235136","0.14604840929828022","7144","Machinery and vehicles"
"Gas turbines, nes","36339396","0.014491539612027524","7148","Machinery and vehicles"
"Parts, nes of the engines and motors of group 714 and item 71888","689594880","0.27499883376628953","7149","Machinery and vehicles"
"Motors and generators, direct current","35833260","0.014289701092392438","7161","Machinery and vehicles"
"Electric motors, generators (not direct current); generating sets","659372864","0.26294680235609963","7162","Machinery and vehicles"
"Rotary converters","216949","0.00008651561042153147","7163","Machinery and vehicles"
"Parts, nes, of rotating electric plant","220191792","0.08780878130201518","7169","Machinery and vehicles"
"Nuclear reactors, and parts thereof, nes","9106","0.0000036313195658816846","7187","Machinery and vehicles"
"Engines and motors, nes (wind, hot air engines, water wheel, etc)","316667520","0.12628167815234237","7188","Machinery and vehicles"
"Agricultural and horticultural machinery for soil preparation, etc","108569544","0.043295707158582525","7211","Machinery and vehicles"
"Harvesting and threshing machines; fodder presses, etc; parts nes","333603808","0.13303558480595618","7212","Machinery and vehicles"
"Dairy machinery, nes (including milking machines), and parts nes","6545242","0.00261013236745339","7213","Machinery and vehicles"
"Agricultural machinery and appliances, nes, and parts thereof, nes","65277652","0.026031629137098146","7219","Machinery and vehicles"
"Track-laying tractors","393326624","0.15685203882202817","7223","Machinery and vehicles"
"Wheeled tractors (other than those falling in heading 74411, 7832)","284925696","0.11362357288680616","7224","Machinery and vehicles"
"Road rollers, mechanically propelled","44513924","0.017751403818951277","7233","Machinery and vehicles"
"Construction and mining machinery, nes","1778719616","0.7093234508893429","7234","Machinery and vehicles"
"Parts, nes of machinery and equipment of headings 72341 to 72346","477060064","0.1902435256428694","7239","Machinery and vehicles"
"Sewing machines, furniture, needles etc, and parts thereof, nes","6050432","0.002412810466026428","7243","Machinery and vehicles"
"Machines for extruding man-made textile; other textile machinery","16347155","0.006518970327037186","7244","Machinery and vehicles"
"Weaving, knitting, etc, machines, machines for preparing yarns, etc","4437889","0.0017697554532078964","7245","Machinery and vehicles"
"Auxiliary machinery for use with those of headings 72451 to 72453","761153","0.00030353500785521","7246","Machinery and vehicles"
"Textile machinery, nes for cleaning, cutting, etc, and parts nes","20650926","0.008235241778758489","7247","Machinery and vehicles"
"Machinery for preparing, tanning, working leather, etc; parts nes","5549546","0.002213065558045293","7248","Machinery and vehicles"
"Machinery for making, finishing cellulose pulp, paper or paperboard","22889490","0.009127943431809045","7251","Machinery and vehicles"
"Machinery for making paper pulp, paper, paperboard; cutting machines","9761573","0.0038927510464180077","7252","Machinery and vehicles"
"Parts, nes of the machines falling within heading 725","22419272","0.008940428406152362","7259","Machinery and vehicles"
"Machinery, accessories for type-setting, for printing blocks, etc","4947784","0.001973092998787211","7263","Machinery and vehicles"
"Printing presses","15494346","0.0061788844487525385","7264","Machinery and vehicles"
"Other printing machinery; machines for uses ancilliary to printing","1131105","0.00045106563996997616","7267","Machinery and vehicles"
"Bookbinding machinery; parts thereof, nes","853318","0.000340288858919287","7268","Machinery and vehicles"
"Parts, nes of machines falling within headings 72631, 7264, 7267","19222988","0.00766580413344046","7269","Machinery and vehicles"
"Machinery for the grain milling industry; working cereals, parts","9112579","0.0036339431603714645","7271","Machinery and vehicles"
"Other food-processing machinery and parts thereof, nes","84910912","0.03386104284015572","7272","Machinery and vehicles"
"Machine-tools for specialized industries; parts or accessories, nes","25336684","0.010103843218071758","7281","Machinery and vehicles"
"Other mineral working machinery; and parts thereof, nes","192116032","0.07661264066781813","7283","Machinery and vehicles"
"Machinery for specialized industries and parts thereof, nes","214303472","0.08546061837359739","7284","Machinery and vehicles"
"Metal cutting machine-tools","24626912","0.009820798088386389","7361","Machinery and vehicles"
"Metal forming machine-tool","38495616","0.015351403863547995","7362","Machinery and vehicles"
"Other machines-tools for working metal or metal carbides, nes","23926858","0.009541628333568275","7367","Machinery and vehicles"
"Work holders, dividing heads for machine-tools, etc; tool holders","10069672","0.004015615742983852","7368","Machinery and vehicles"
"Parts, nes of and accessories for machine-tools of heading 736","44316804","0.017672795680050923","7369","Machinery and vehicles"
"Metallurgy and metal foundry equipment, and parts thereof, nes","1921611","0.00076630613027822","7371","Machinery and vehicles"
"Rolling mills, rolls therefor, and parts, nes of rolling mills","69685216","0.027789291490609644","7372","Machinery and vehicles"
"Welding, brazing, cutting, etc machines and appliances, parts, nes","11590170","0.004621964758718968","7373","Machinery and vehicles"
"Gas generators, and parts, nes of gas generators","730161","0.0002911759197829713","7411","Machinery and vehicles"
"Furnace burners; mechanical stokers, etc, and parts thereof, nes","5350040","0.002133505922496118","7412","Machinery and vehicles"
"Industrial and laboratory furnaces and ovens, etc, parts, nes","48239868","0.01923724758664065","7413","Machinery and vehicles"
"Non-domestic refrigerators and refrigerating equipment, parts, nes","74434824","0.029683355235466682","7414","Machinery and vehicles"
"Air conditioning machines and parts thereof, nes","54820528","0.021861504056486354","7415","Machinery and vehicles"
"Machinery, plant, laboratory equipment for heating and cooling, nes","148171664","0.059088366197281667","7416","Machinery and vehicles"
"Reciprocating pumps (other than those of heading 74281)","142698768","0.056905867369384064","7421","Machinery and vehicles"
"Centrifugal pumps (other than those of heading 74281)","63637628","0.0253776151639249","7422","Machinery and vehicles"
"Rotary pumps (other than those of heading 74281)","34906044","0.013919942954615308","7423","Machinery and vehicles"
"Other pumps for liquids and liquid elevators","41417796","0.01651672007363235","7428","Machinery and vehicles"
"Parts, nes of pumps and liquids elevators falling in heading 742","70035296","0.02792889750352683","7429","Machinery and vehicles"
"Air pumps, vacuum pumps and air or gas compressors","444849184","0.17739836873772258","7431","Machinery and vehicles"
"Parts, nes of the pumps and compressor falling within heading 7431","50651180","0.02019883823511916","7432","Machinery and vehicles"
"Fans, blowers and the like, and parts thereof, nes","25783142","0.010281883155557416","7434","Machinery and vehicles"
"Centrifuges","5080516","0.0020260242867971615","7435","Machinery and vehicles"
"Filtering and purifying machinery, apparatus for liquids and gases","178635008","0.07123663515284771","7436","Machinery and vehicles"
"Parts, nes of the machines falling within headings 7435 and 7436","48459980","0.019325024548235793","7439","Machinery and vehicles"
"Work trucks, of the type use in factories, dock areas, etc","17091574","0.006815832097289116","7441","Machinery and vehicles"
"Lifting, handling, loading machinery, telphers and conveyors","224873120","0.08967561613187568","7442","Machinery and vehicles"
"Parts, nes of the machinery falling within heading 7442","24434304","0.009743989259158918","7449","Machinery and vehicles"
"Power hand tools, pneumatic or non-electric, and parts thereof, nes","96281488","0.03839543720696273","7451","Machinery and vehicles"
"Other non-electrical machines and parts thereof, nes","292622432","0.11669290168432712","7452","Machinery and vehicles"
"Ball, roller or needle roller bearings","99964648","0.03986421943541351","7491","Machinery and vehicles"
"Cocks, valves and similar appliances, for pipes boiler shells, etc","328690016","0.13107604724475774","7492","Machinery and vehicles"
"Shaft, crank, bearing housing, pulley and pulley blocks, etc","420335744","0.16762282137344992","7493","Machinery and vehicles"
"Other non-electric parts and accessories of machinery, nes","93252680","0.037187599544795044","7499","Machinery and vehicles"
"Calculating, accounting, cash registers, ticketing, etc, machines","12453932","0.0049664185090885155","7512","Machinery and vehicles"
"Office machines, nes","25203382","0.010050684623653664","7518","Machinery and vehicles"
"Complete digital data processing machines","8095306","0.0032282718064572144","7522","Machinery and vehicles"
"Complete digital central processing units; digital processors","6727641","0.002682870019276062","7523","Machinery and vehicles"
"Peripheral units, including control and adapting units","3084263","0.0012299521829809952","7525","Machinery and vehicles"
"Off-line data processing equipment, nes","26017628","0.01037539222646949","7528","Machinery and vehicles"
"Parts, nes of and accessories for machines of headings 7511 or 7518","5137530","0.0020487605105758986","7591","Machinery and vehicles"
"Parts, nes of and accessories for machines of headings 7512 and 752","66882004","0.026671417716953336","7599","Machinery and vehicles"
"Television receivers, colour","42320304","0.01687662507679123","7611","Machinery and vehicles"
"Radio receivers for motor-vehicles","18325674","0.007307970410077891","7621","Machinery and vehicles"
"Portable radio receivers","289918","0.00011561441971241888","7622","Machinery and vehicles"
"Other radio receivers","122923","0.00004901962387402529","7628","Machinery and vehicles"
"Gramophones and record players, electric","59945","0.000023905057256399914","7631","Machinery and vehicles"
"Other sound recording and reproducer, nes; video recorders","12265705","0.004891356748938372","7638","Machinery and vehicles"
"Electrical line telephonic and telegraphic apparatus","19678146","0.007847313484524094","7641","Machinery and vehicles"
"Microphones; loud-speakers; audio-frequency electric amplifiers","18816888","0.00750385828721769","7642","Machinery and vehicles"
"Television, radio-broadcasting; transmitters, etc","162660608","0.06486631324715691","7643","Machinery and vehicles"
"Telecommunications equipment, nes","18660600","0.00744153326280384","7648","Machinery and vehicles"
"Parts, nes of and accessories for apparatus falling in heading 76","75939128","0.030283246356511494","7649","Machinery and vehicles"
"Transformers, electrical","146881952","0.058574050754721545","7711","Machinery and vehicles"
"Other electric power machinery, parts, nes","113116672","0.04510902528673632","7712","Machinery and vehicles"
"Switches, relays, fuses, etc; switchboards and control panels, nes","334538432","0.1334082971294728","7721","Machinery and vehicles"
"Printed circuits, and parts thereof, nes","2579276","0.0010285718652107455","7722","Machinery and vehicles"
"Fixed, variable resistors, other than heating resistors, parts, nes","6241573","0.002489034280340308","7723","Machinery and vehicles"
"Insulated electric wire, cable, bars, etc","314414496","0.12538321009462208","7731","Machinery and vehicles"
"Electrical insulating equipment","25160672","0.010033652594369807","7732","Machinery and vehicles"
"Electro-medical equipment","10529045","0.0041988059651382305","7741","Machinery and vehicles"
"X-ray apparatus and equipment; accessories; and parts, nes","15342128","0.006118182471849466","7742","Machinery and vehicles"
"Household laundry equipment, nes","7369760","0.0029389362710138594","7751","Machinery and vehicles"
"Domestic refrigerators and freezers","72695128","0.028989593745955798","7752","Machinery and vehicles"
"Domestic dishwashing machines","7267","0.000002897957312240523","7753","Machinery and vehicles"
"Electric shavers and hair clippers, parts thereof, nes","205036","0.00008176490649133726","7754","Machinery and vehicles"
"Domestic electro-mechanical appliances; and parts thereof, nes","15198373","0.006060855396932564","7757","Machinery and vehicles"
"Electro-thermic appliances, nes","52606796","0.0209787049871674","7758","Machinery and vehicles"
"Television picture tubes, cathode ray","121117","0.000048299421465066114","7761","Machinery and vehicles"
"Other electronic valves and tubes","162152","0.0000646634889355202","7762","Machinery and vehicles"
"Diodes, transistors, photocells, etc","16494428","0.006577700321153822","7763","Machinery and vehicles"
"Electronic microcircuits","74800272","0.029829089748173946","7764","Machinery and vehicles"
"Crystals, and parts, nes of electronic components of heading 776","4732885","0.0018873948938686511","7768","Machinery and vehicles"
"Batteries and electric accumulators, and parts thereof, nes","107221280","0.04275804216372486","7781","Machinery and vehicles"
"Electric filament lamps and discharge lamps; arc-lamps","2438290","0.0009723490208976118","7782","Machinery and vehicles"
"Automotive electrical equipment; and parts thereof, nes","193478608","0.07715601304743605","7783","Machinery and vehicles"
"Electro-mechanical hand tools, and parts thereof, nes","30919322","0.01233010530885087","7784","Machinery and vehicles"
"Other electrical machinery and equipment, nes","195408816","0.07792574751664551","7788","Machinery and vehicles"
"Passenger motor vehicles (excluding buses)","3693886464","1.473059761790985","7810","Machinery and vehicles"
"Motor vehicles for the transport of goods or materials","1370064256","0.5463585700997072","7821","Machinery and vehicles"
"Special purpose motor lorries and vans","36470392","0.014543778612450568","7822","Machinery and vehicles"
"Public service type passenger motor vehicles","361341216","0.1440967963562794","7831","Machinery and vehicles"
"Road tractors for semi-trailers","413439328","0.16487264672428897","7832","Machinery and vehicles"
"Chassis fitted with engines, for vehicles of headings 722, 781-783","496541280","0.19801230675729584","7841","Machinery and vehicles"
"Bodies, for vehicles of headings 722, 781-783","253106192","0.10093449014445491","7842","Machinery and vehicles"
"Other parts and accessories, for vehicles of headings 722, 781-783","1661744000","0.6626755436730172","7849","Machinery and vehicles"
"Motorcycles, auto-cycles; side-cars of all kind, etc","80339952","0.0320382209114425","7851","Machinery and vehicles"
"Cycles, not motorized","3856478","0.0015378985302868732","7852","Machinery and vehicles"
"Invalid carriages; parts, nes of articles of heading 785","8342016","0.00332665560286603","7853","Machinery and vehicles"
"Trailers and transports containers","71905296","0.028674622035505602","7861","Machinery and vehicles"
"Other not mechanically propelled vehicles; and parts, nes","36668468","0.014622767988063523","7868","Machinery and vehicles"
"Other rail locomotives; tenders","17758944","0.00708196802290766","7912","Machinery and vehicles"
"Mechanically propelled railway, tramway, trolleys, etc","36126956","0.014406822114929359","7913","Machinery and vehicles"
"Railway, tramway passenger coaches, etc, not mechanically propelled","12335701","0.004919269975858364","7914","Machinery and vehicles"
"Railway and tramway freight, etc, not mechanically propelled","1347826","0.0005374903278282504","7915","Machinery and vehicles"
"Railway track fixtures, and fittings, etc, parts nes of heading 791","61092396","0.02436261947302789","7919","Machinery and vehicles"
"Helicopters","4913018","0.001959228903023161","7921","Machinery and vehicles"
"Aircraft of an unladen weight not exceeding 2000 kg","2318178","0.0009244503765205878","7922","Machinery and vehicles"
"Aircraft of an unladen weight from 2000 kg to 15000 kg","813375168","0.3243603296684277","7923","Machinery and vehicles"
"Aircraft of an unladen weight exceeding 15000 kg","2455134976","0.9790665138622074","7924","Machinery and vehicles"
"Aircraft, nes and associated equipment","5179498","0.0020654966427459975","7928","Machinery and vehicles"
"Parts, nes of the aircraft of heading 792","319027936","0.12722297233248955","7929","Machinery and vehicles"
"Warships","179561","0.0000716059051800221","7931","Machinery and vehicles"
"Ships, boats and other vessels","53416152","0.02130146254027126","7932","Machinery and vehicles"
"Ships, boats and other vessels for breaking up","226149","0.00009018441560559818","7933","Machinery and vehicles"
"Tugs, special purpose vessels and floating structures","37766340","0.015060580866872402","7938","Machinery and vehicles"
"Central heating equipment, not electrically heated, parts, nes","638602","0.00025466373132123607","8121","Other manufacturers"
"Ceramic plumbing fixtures","39150812","0.015612685002828404","8122","Other manufacturers"
"Lighting fixture and fittings, lamps, lanterns, and parts, nes","15216924","0.006068253223559696","8124","Other manufacturers"
"Chairs and other seats; and parts thereof, nes","101812832","0.04060124411370798","8211","Other manufacturers"
"Furniture for medical, surgical, dental or veterinary practice","35637292","0.014211552351706439","8212","Other manufacturers"
"Other furniture and parts thereof, nes","546614528","0.21798067543615002","8219","Other manufacturers"
"Travel goods, handbags etc, of leather, plastics, textile, others","13539432","0.00539929764249117","8310","Other manufacturers"
"Men's and boys' outerwear, textile fabrics not knitted or crocheted; overcoats and other coats","521426","0.00020793591433773592","8421","Other manufacturers"
"Men's and boys' outerwear, textile fabrics not knitted or crocheted; suits","1318267","0.0005257026960417473","8422","Other manufacturers"
"Men's and boys' outerwear, textile fabrics not knitted or crocheted; trousers, breeches and the like","6949315","0.00277126988018615","8423","Other manufacturers"
"Men's and boys' outerwear, textile fabrics not knitted or crocheted; jackets, blazers and the like","237119","0.00009455906700442557","8424","Other manufacturers"
"Men's and boys' outerwear, textile fabrics not knitted or crocheted; other outer garments","2669726","0.0010646418031345318","8429","Other manufacturers"
"Womens, girls, infants outerwear, textile, not knitted or crocheted; coats and jackets","700945","0.00027952507062452644","8431","Other manufacturers"
"Womens, girls, infants outerwear, textile, not knitted or crocheted; suits and costumes","631255","0.0002517338713552211","8432","Other manufacturers"
"Womens, girls, infants outerwear, textile, not knitted or crocheted; dresses","5851060","0.002333304267422325","8433","Other manufacturers"
"Womens, girls, infants outerwear, textile, not knitted or crocheted; skirts","1210150","0.00048258745581503636","8434","Other manufacturers"
"Womens, girls, infants outerwear, textile, not knitted or crocheted; blouses","4930976","0.0019663902512291904","8435","Other manufacturers"
"Womens, girls, infants outerwear, textile, not knitted or crocheted; other outer garments of textile fabrics, not knitted, crocheted","17610098","0.007022610742861183","8439","Other manufacturers"
"Under garments of textile fabrics, not knitted or crocheted; mens and boys shirts","2602352","0.001037774185691998","8441","Other manufacturers"
"Under garments of textile fabrics, not knitted or crocheted; mens, boys under garments; other than shirts","46371","0.000018491974477212783","8442","Other manufacturers"
"Under garments of textile fabrics, not knitted or crocheted; womens, girls, infants under garments, textile, not knitted, etc","175085","0.0000698209517013392","8443","Other manufacturers"
"Outerwear knitted or crocheted, not elastic nor rubberized; jerseys, pullovers, slip-overs, cardigans, etc","2797735","0.0011156896382222704","8451","Other manufacturers"
"Outerwear knitted or crocheted, not elastic nor rubberized; womens, girls, infants, suits, dresses, etc, knitted, crocheted","9665300","0.00385435899408261","8452","Other manufacturers"
"Outerwear knitted or crocheted, not elastic nor rubberized; other, clothing accessories, non-elastic, knitted or crocheted","44253520","0.01764755908578261","8459","Other manufacturers"
"Under-garments, knitted or crocheted; of wool or fine animal hair, not elastic nor rubberized","61638","0.000024580197166902622","8461","Other manufacturers"
"Under-garments, knitted or crocheted; of cotton, not elastic nor rubberized","13513398","0.005388915721386605","8462","Other manufacturers"
"Under-garments, knitted or crocheted; of synthetic fibres not elastic nor rubberized","12610873","0.0050290039389138","8463","Other manufacturers"
"Under-garments, knitted or crocheted; of other fibres, not elastic nor rubberized","470598","0.0001876665632621117","8464","Other manufacturers"
"Corsets, garters, etc, not knitted or crocheted, elastic or not","9915113","0.003953980214674703","8465","Other manufacturers"
"Clothing accessories, of textile fabrics, not knitted or crocheted","1280493","0.0005106390604957759","8471","Other manufacturers"
"Clothing accessories, knitted or crocheted, nes","5940081","0.002368804344193064","8472","Other manufacturers"
"Articles of apparel, clothing accessories of leather","1700304","0.0006780526227923229","8481","Other manufacturers"
"Articles of apparel, clothing accessories of plastic or rubber","2202940","0.0008784954013247747","8482","Other manufacturers"
"Fur clothing (not headgear) and other articles made of furskins","4276398","0.0017053555599491877","8483","Other manufacturers"
"Headgear and fitting thereof, nes","4109303","0.0016387208857935763","8484","Other manufacturers"
"Footwear","916528384","0.36549609636559655","8510","Other manufacturers"
"Optical instruments and apparatus","5121166","0.002042234822746326","8710","Other manufacturers"
"Medical instruments and appliances, nes","132198312","0.052718462216355316","8720","Other manufacturers"
"Gas, liquid and electricity supply or production meters; etc","40813820","0.016275864608431057","8731","Other manufacturers"
"Counting devices non-electrical; stroboscopes","21951472","0.008753877638206014","8732","Other manufacturers"
"Surveying, navigational, compasses, etc, instruments, nonelectrical","42019520","0.01675667747912989","8741","Other manufacturers"
"Drawing, marking-out and mathematical calculating instruments, etc","52257160","0.020839276033978667","8742","Other manufacturers"
"Gas, liquid control instruments and apparatus, non-electrical","205737008","0.08204445668530164","8743","Other manufacturers"
"Nonmechanical or electrical instruments for physical, etc, analysis","27229698","0.010858745345975113","8744","Other manufacturers"
"Measuring, controlling and scientific instruments, nes","20552820","0.008196118756868483","8745","Other manufacturers"
"Electrical measuring, controlling, etc, instruments, apparatus, nes","19819084","0.007903517187244965","8748","Other manufacturers"
"Parts, nes, and accessories of headings 873, 8743, 87454 or 8748","28733482","0.011458429099770392","8749","Other manufacturers"
"Photographic cameras, flashlight apparatus, parts, accessories, nes","197862","0.00007890403601410958","8811","Other manufacturers"
"Cinematographic cameras, projectors, etc, parts, accessories, nes","710504","0.00028333703896740617","8812","Other manufacturers"
"Photographic and cinematographic apparatus and equipment, nes","237696","0.0000947891648947741","8813","Other manufacturers"
"Chemical products and flashlight materials for use in photografy","1180438","0.00047073881020318954","8821","Other manufacturers"
"Photographic film, plates and paper (other than cinematograph film)","22886878","0.009126901810163308","8822","Other manufacturers"
"Cinematograph film, exposed and developed","14297","0.00000570140301267411","8830","Other manufacturers"
"Lenses and other optical elements of any material","40115364","0.01599733210912209","8841","Other manufacturers"
"Spectacles and spectacle frames","20860778","0.00831892722500705","8842","Other manufacturers"
"Watches, watch movements and case","4097588","0.0016340491409314738","8851","Other manufacturers"
"Clocks, clock movements and parts","1252777","0.0004995863860956028","8852","Other manufacturers"
"Printed books, pamphlets, maps and globes","20752740","0.008275843488650942","8921","Other manufacturers"
"Newspapers, journals and periodicals","2503669","0.0009984210659116442","8922","Other manufacturers"
"Picture postcards, decalcomanias, etc, printed","3097854","0.0012353720450741096","8924","Other manufacturers"
"Printed matter, nes","54498472","0.021733073543186376","8928","Other manufacturers"
"Plastic packing containers, lids, stoppers and other closures","154927456","0.061782462361637806","8931","Other manufacturers"
"Plastic sanitary and toilet articles","8615226","0.0034356071533376458","8932","Other manufacturers"
"Personal adornments and ornaments articles of plastic","995669","0.00039705604226244795","8933","Other manufacturers"
"Articles of electric lighting of plastic","193960","0.00007734798407625869","8935","Other manufacturers"
"Miscellaneous articles of plastic","210693616","0.08402106854680018","8939","Other manufacturers"
"Baby carriages and parts thereof, nes","50123","0.000019988208939236513","8941","Other manufacturers"
"Children's toys, indoor games, etc","15616325","0.006227527621312025","8942","Other manufacturers"
"Non-military arms and ammunition therefor","294943232","0.11761839767032518","8946","Other manufacturers"
"Other sporting goods and fairground amusements, etc","11534485","0.0045997585177760605","8947","Other manufacturers"
"Office and stationary supplies, of base metal","1465778","0.0005845276005533631","8951","Other manufacturers"
"Pens, pencils and, fountain pens","75492048","0.030104958375892745","8952","Other manufacturers"
"Other office and stationary supplies","3377333","0.0013468235672521292","8959","Other manufacturers"
"Works of art, collectors' pieces and antiques","248636816","0.09915217820550455","8960","Other manufacturers"
"Imitation jewellery","8511929","0.003394414048000848","8972","Other manufacturers"
"Precious jewellery, goldsmiths' or silversmiths' wares","45272488","0.018053906377173707","8973","Other manufacturers"
"Other articles of precious metals or rolled precious metals, nes","89008112","0.03549493725321638","8974","Other manufacturers"
"Pianos, other string musical instruments","269397","0.00010743099023608919","8981","Other manufacturers"
"Musical instruments, nes","1052331","0.00041965189436457713","8982","Other manufacturers"
"Sound recording tape, discs","10359908","0.004131356975745025","8983","Other manufacturers"
"Parts, nes of and accessories for musical instruments; metronomes","3390891","0.0013522302695005615","8989","Other manufacturers"
"Articles and manufacture of carving, moulding materials, nes","3388185","0.0013511511622366391","8991","Other manufacturers"
"Candles, matches, combustible products, etc","17207744","0.006862158738401402","8993","Other manufacturers"
"Umbrellas, canes and similar articles and parts thereof","259799","0.00010360346934949439","8994","Other manufacturers"
"Orthopaedic appliances, hearing aids, artificial parts of the body","162481984","0.06479508100180924","8996","Other manufacturers"
"Basketwork, wickerwork; brooms, paint rollers, etc","27836746","0.011100825873081345","8997","Other manufacturers"
"Small-wares and toilet articles, nes; sieves; tailors' dummies, etc","15711345","0.006265419998332679","8998","Other manufacturers"
"Manufactured goods, nes","21401648","0.008534617079344678","8999","Other manufacturers"
"Special transactions, commodity not classified according to class","3712708864","1.480565818171048","9310","Unspecified"
"Animals, live, nes, (including zoo animals, pets, insects, etc)","567341","0.0002262460436884341","9410","Unspecified"
"Armoured fighting vehicles, war firearms, ammunition, parts, nes","275684864","0.10993848458825295","9510","Unspecified"
"Coin (other than gold coin), not being legal tender","4003","0.000001596329038241202","9610","Unspecified"
"Gold, non-monetary (excluding gold ores and concentrates)","3707162624","1.47835407099017","9710","Unspecified"
"Unspecified","18408957952","7.341182648648235","unspecified","Services"
"Travel and tourism","5994585600","2.39053986147953","travel","Services"
"Transport","5558638080","2.216691326549418","transport","Services"
"ICT","2365684480","0.9433951613141488","ict","Services"
"Insurance and finance","1981184768","0.7900631464600447","financial","Services"